Product_Names,Product_Ratings,Product_Price,Product_ORGPrice,Product_Reviews
Women's Denim Blend Standard Length Jacket,3.7,378,"₹1,499","6,734"
Women's Rich Cotton Regular Fit Full Sleeve Pullover Hoodie Sweatshirt with Zip,3.9,599,"₹2,999","1,702"
Women Cotton blend V Neck cardigan,3.6,379,"₹1,200",36
Women's Cotton Full Zipper Sweatshirt Hoodies with Kangaroo Pocket,3.9,673,"₹1,499","13,522"
Women's Fleece Collared Neck Sweatshirt,3.8,542,"₹1,199","3,116"
Men's Denim Blend Standard Length Jacket,3.8,378,"₹1,499","9,878"
Women's Denim Blend Standard Length Jacket,3.6,378,"₹1,499",210
Women's Loop knit Round Neck Sweatshirt,3.6,389,"₹1,599",190
"IDry Jacket-Ultra-Lightweight Women's Jacket - Foldable, Water-Repellent & Compact | Perfect for Any Adventure, Hiking, Sports, Biking",3.3,599,"₹2,499",466
Women's Loopknit Oversized Round Neck Sweatshirt,3.5,389,"₹1,599",119
Women's Cotton Hooded Neck Sweatshirt,4.1,699,"₹1,499","12,537"
Plue Size Full Sleeve Solid Women Casual Jacket…,3.5,378,"₹1,499",516
Women's Cotton Hooded Neck Hoodies,4.0,498,"₹1,999",195
Women Wool blend V Neck Sweater,3.9,474,"₹1,595","1,967"
Womens Woollen Collared Coat Cardigan,4.0,"1,175","₹1,999",566
"Women Sweatshirt with Hoodies, Cotton Blend Full Sleeves Jumper Women Winter Wear, Round Neck Regular Fit Long Sleeve Womens Sweatshirt, Winter Wear for Women (XL) Black",4.1,699,"₹1,199",130
Ribbed Polo Cardigan Tops for Women,4.0,370,"₹1,200",174
Women's Cotton Blend Crop Jacket,3.7,378,"₹1,499",345
4pcs Sweater Shawl Clips Set Vintage Metal Cardigan Collar Clips Flower Pattern Shirt Dress Clips Brooch for Women Girls,3.7,640,₹899,22
Women's Plus Size Fleece Zipper Hoodie Jacket,3.9,649,"₹1,499","1,404"
Womens Men's Jacket,3.7,609,"₹3,050",96
"Women Sweatshirt with Hoodies, Cotton Blend Full Sleeves Jumper Women Winter Wear, Round Neck Regular Fit Long Sleeve Womens Sweatshirt, Winter Wear for Women (L) Black",3.9,699,"₹1,999",160
Women's Fleece Hooded Neck Hoodies,3.6,474,"₹2,199",606
Fleece Round Neck Sweatshirt for Women-(SW_RN_001-P),3.4,349,"₹2,499",90
Women's Self Design Plain Cotton Blouson Jacket,3.6,369,"₹1,499",195
Women's Cotton Blend Round Neck Cardigans,3.6,388,"₹1,200",180
Women Cotton Blend V-Neck Cardigan,3.7,368,"₹1,200",86
Women's Cotton Standard Length Jacket,3.6,498,"₹1,499","1,082"
Women's Polyester Standard Length Bomber Jacket,3.5,449,"₹1,999",176
Women's Fleece Standard Length Jacket,3.5,488,"₹1,499",49
Women's Sweatshirt,3.9,853,"₹1,899","3,585"
Men's Solid Wind Cheater Jacket,3.3,599,"₹2,499",229
Women's Cotton Blend Crew Neck Sweatshirt,4.1,479,"₹1,699","1,866"
Winter Wear Women Solid Sherpa Jacket | Latest Stylish Faux Fur Jacket,4.1,628,"₹3,999",36
Stylish Cotton Solid Colour Short Sleeve Hooded Tshirt for Women,3.9,328,"₹1,199",59
Oversize DROPSHOULDER Sweatshirt for Women,3.8,499,₹899,436
Women Wool blend Banded Collar Cardigan,3.8,759,"₹2,199",897
Women's Olive Green Hooded Puffer Regular Fit Bomber Jacket For Winter Wear | Standing Collar | Full Sleeve | Zipper | Casual Jacket For Woman & Girl | Western Stylish Jacket For Women,3.7,"1,294","₹3,999",13
Women's Cotton Twill Full Sleeves Jacket Pack of 2,3.6,648,"₹1,699",292
"Women Sweatshirt with Hoodies, Cotton Blend Full Sleeves Jumper Women Winter Wear, Round Neck Regular Fit Long Sleeve Womens Sweatshirt, Winter Wear for Women (M) Black",3.8,699,"₹1,999",166
Women Hooded Sweatshirt,4.2,558,"₹1,999","3,046"
Women's Quilted,4.0,"1,149","₹3,399",310
Women Sweatshirt,4.1,958,"₹1,999",973
Women Printed Bomber Jacket,3.7,499,"₹1,999",51
™ Women's Polycotton Full Sleeves Lab Coat Apron,3.6,426,"₹1,299",247
"Women's Solid Regular Denim Jacket (Small, Light Blue)",3.5,378,"₹1,499",337
Women T-Shirt,3.6,299,"₹2,299",23
Women Sweatshirt,3.9,959,"₹2,499",16
